<?xml version="1.0" encoding="UTF-8"?>
<beans:beans xmlns="http://www.springframework.org/schema/security"
	xmlns:beans="http://www.springframework.org/schema/beans" 
	xmlns:xsi="http://www.w3.org/2001/XMLSchema-instance"
	xsi:schemaLocation="http://www.springframework.org/schema/beans
	http://www.springframework.org/schema/beans/spring-beans-3.1.xsd
	http://www.springframework.org/schema/security
	http://www.springframework.org/schema/security/spring-security-3.1.xsd">
	<beans:import resource="dispatcher-servlet.xml"/>
	<http auto-config="true">
	<intercept-url pattern="/login" access="IS_AUTHENTICATED_ANONYMOUSLY"/>
	<intercept-url pattern="/failure" access="IS_AUTHENTICATED_ANONYMOUSLY"/>
	<intercept-url pattern="/logout" access="IS_AUTHENTICATED_ANONYMOUSLY"/>
	<intercept-url pattern="/newUser" access="ROLE_ADMIN"/>
	<intercept-url pattern="/newUserSubmit" access="ROLE_ADMIN"/>
	<intercept-url pattern="/MakerHome" access="ROLE_USER"/>
	<intercept-url pattern="/NewCustomer" access="ROLE_USER"/>
	<intercept-url pattern="/deletePage" access="ROLE_USER"/>
	<intercept-url pattern="/updatePage" access="ROLE_USER"/>
	<intercept-url pattern="/singleViewPage" access="ROLE_USER"/>
	<intercept-url pattern="/viewByName" access="ROLE_USER"/>
	<intercept-url pattern="/newCustomerSubmit" access="ROLE_USER"/>
	<intercept-url pattern="/delete" access="ROLE_USER"/>
	<intercept-url pattern="/update" access="ROLE_USER"/>
	<intercept-url pattern="/singleView" access="ROLE_USER"/>
	<intercept-url pattern="/viewAll" access="ROLE_USER"/>
	<intercept-url pattern="/update2" access="ROLE_USER"/>
	<intercept-url pattern="/singleViewName" access="ROLE_USER"/>
	<access-denied-handler error-page="/errorpage"/>
	<form-login login-page="/login" authentication-failure-url="/failure" default-target-url="/defaultPage" always-use-default-target="true"/>
	<logout logout-success-url="/logout"/>
	</http>
	<beans:bean id="pwdEncoder" class="org.springframework.security.crypto.bcrypt.BCryptPasswordEncoder"/>
	<authentication-manager>
	<authentication-provider>
	<password-encoder ref="pwdEncoder"/>
	<!-- <jdbc-user-service data-source-ref="ds" users-by-username-query="select username,password,enabled from users_deepak where username=?" authorities-by-username-query="select username,authority from authorities_deepak where username=?"/> -->
	<jdbc-user-service data-source-ref="ds" 
	users-by-username-query="select username,userpassword,enabled from Users_deepak_final where username=?"
	authorities-by-username-query="select u.username,r.rolename from Users_deepak_final u,Authorities_deepak_final r where u.userrole_roleid=r.roleid and username=?"
	/>
	</authentication-provider>
	</authentication-manager>
</beans:beans>